{
    "chain0": {
        "block0": {
            "header": {
                "previous": null,
                "merkle_root": "a36b1f2c3f84522dd1005145646617d7054c0851e97c72a039c0bdfac9fa07f3",
                "time": 1573371191.8530416
            },
            "transactions": {
                "0": 1,
                "1": 2,
                "2": 3
            }
        },
        "block1": {
            "header": {
                "previous": "ca7c498add7fb7b5471b1333f8f0d94f04771547c9d0775f4cf81759f4fca218",
                "merkle_root": "8f3b36fd71460f8c6827030abdf8e850f6b6b7c98db7325e0cce5d799ec59a06",
                "time": 1573371205.5138736
            },
            "transactions": {
                "0": 4,
                "1": 5,
                "2": 6
            }
        },
        "block2": {
            "header": {
                "previous": "c3318d5123a505249d8bf04510bfb6bce37181d4a1007362dde2863fdad4d754",
                "merkle_root": "ff95c0e84bf3979f69819fecbe53216c81616b46a61a905e295880e0c5ff1993",
                "time": 1573371215.6635792
            },
            "transactions": {
                "0": 7,
                "1": 8,
                "2": 9
            }
        }
    },
    "chain1": {
        "block0": {
            "header": {
                "previous": null,
                "merkle_root": "7172c899034c9b86028b30891437120af0251397851a6273851f38b04f2d48a6",
                "time": 1573374292.979018
            },
            "transactions": {
                "0": 1,
                "1": 3,
                "2": 5
            }
        },
        "block1": {
            "header": {
                "previous": "c34c31e4a4a68bb8880fe4f826759e511ef4aa5f212ae73d31d95c31e5fc88a6",
                "merkle_root": "fad1b9260080fe57952386e171411931f45dd8f5b7ac6d9d04f559820e909305",
                "time": 1573374304.9815457
            },
            "transactions": {
                "0": 2,
                "1": 4,
                "2": 6
            }
        },
        "block2": {
            "header": {
                "previous": "218e3ce7114f60e7a6b0bcf828a19b5dc6f64d7da74a5f71b59884dfbf8dc68a",
                "merkle_root": "df8fbe4237c3e1f9363d6f103185c57a782ddd8b899d6484930cebbdb6f9ca7f",
                "time": 1573374351.8327997
            },
            "transactions": {
                "0": 1,
                "1": 2,
                "2": 4
            }
        },
        "block3": {
            "header": {
                "previous": "66477cae45a472d6acc8057489105b7bdef441989ced37e68dfb49575a0a3e09",
                "merkle_root": "b9202b80b5a87595561879e97b2bd052d883c9908a7e61491467ab5b720f2348",
                "time": 1573374368.417044
            },
            "transactions": {
                "0": 1,
                "1": 2,
                "2": 3,
                "3": 5,
                "4": 8
            }
        }
    }
}